     
	    -- Tund nr 1 11.02.26 --
---------------------------------------

-- teeme andmebaas'i e. db(data Base)
create database IKT25TAR

-- KUS ON db?!?!??!?!?!?!
-- db oli 'Databases' all.(Folder'is)

--andmebaasi valimine
use IKT25TAR

-- andmebaasi kustutamine
drop database IKT25TAR

-- teeme uuesti andmebaasi IKT25TAR
create database IKT25TAR

-- teeme tabeli
create table Gender
(
-- Meil on muutuja Id,
-- Mis on tõisarv andmet³³p,
-- kui sisestad andmed,
-- siis see veerg peab olema tõidetud,
--btegemist on primaarv§tmega
id int not null primary key,
-- Veeru nimi on 'Gender',
-- 10 tõhemõrki on max pikkus,
-- andmed peavad olema siesestatud e.
-- ei tohi olla t³hi
Gender nvarchar(10) not null
)

-- andmete sisestamine
-- proovige ise teha
-- Id 1, Gender = Male
-- Id 2, Gender = Female

insert into Gender (Id, Gender)
values (1, 'Male'),
(2, 'Female')

-- Vaatame tabeli sisu
-- '*' tõhendab, et nõita k§ike seal sees olevat infot
select * from Gender

-- teeme uue tabeli nimega 'Person'
-- veeru nimed: Id int not null primary key,
-- Name: nvachar (30)
-- Email: nvachar (30)
-- GenderId int

create table Person
(
id int not null primary key,
Name nvarchar(30),
Email nvarchar(30),
GenderId int
)

-----------------------------
 -- tund nr 2 18.02.2026 --
-----------------------------

insert into Person (id, Name, Email, GenderId)
values (1, 'Superman', 's@s.com', 2),
(2, 'Wonerwoman', 'w@w.com', 1),
(3, 'Batman', 'b@b.com', 2),
(4, 'Aquaman', 'a@a.com', 2),
(5, 'CatWoman', 'c@c.com', 1),
(6, 'Antman', 'ant"ant.com', 2),
(8, NULL, NULL, 2)

-- nõen tabelis olevat infot
select * from Person

-- v§§rv§tme ³henduse loomine kahe tabeli vahel
alter table person add constraint tblPerson_GenderId_FK
foreign key(GenderId) references Gender(Id)

-- kui sisestad uue rea andmeid ja ei ole sisestanud GenderId alla
-- võõrtust, siis automaatselt sisestab sellele reale võõrtuse 3
-- e. unknown
alter table person
add constraint DF_Person_GķnderId
default 3 for GenderId

insert into Gender(id, Gender)
values (3, 'Unknown')

insert into Person(id, Name, Email, GenderId)
values (7, 'Black Panter', 'b@b.com', NULL)

insert into Person(id, Name, Email)
values (9, 'Spiderman', 'spider@man.com')

select * from Person

-- piirangu kasutamine
alter table person
drop constraint DF_Persons_Ge±derId

-- kuidas lisada veergu tabelile Person
--veeru nimi on Age nvarchar(10)
alter table Person
add Age nvarchar(10)

alter table person
add constraint CK_Person_Age check (Age > 0 and Age < 155)

-- kuidas uuendada andmeid
update Person
set Age = 159
where id = 7

select * from Person

-- soovin kustutada ³he rea
-- kuidas seda teha?

delete from Person where id = 8

-- lisame uue veeru City nvarchar(50)
alter table Person
add City nvarchar(50)

-- k§ik, kes elavad Gothami linnas
select * from Person where City = 'Gotham'
-- k§ik, kes ei ela Gothamis
select * from Person where City! = 'Gotham'
-- varjant nr 2. k§ik, kes ei ela Gothamis
select * from Person where City <> 'Gotham'

-- Nõitab teatud vanusega inimesi
-- Valime 151, 35, 25

-- Vrs. 1
select * from Person where Age in (151, 35, 26)

-- Vrs. 2
select * from Person where Age = 151 or Age = 35 or Age = 26

-- Soovin nõha inimesi vahemikus 22 kuni 41

-- Vrs. 1
select * from Person where Age between 22 and 41

-- Vrs. 2
select * from Person where Age >= 22 and Age <= 41

-- wildcard e. nõitab k§ik g-tõhega linnad
select * from Person where City like 'G%'
-- otsib emailidm @-mõrgiga
select * from Person where Email like '%@%'

-- '%' nõitab asukohta
-- tahan nõha, kellel on emailis ees ja peale @-mõrki ³ks tõht
select * from Person where Email like '_@_.%'

-- k§ik, kelle nimes ei ole esimene tõht W, A, S
select * from Person where Name like '[^WAS]%'

-- k§ik, kes elavad Gothamis ja New Yorkis
-- vrs. 1
select * from Person where (City = 'Gotham' or City = 'New York')
-- vrs. 2
select * from Person where City in ('Gotham', 'New York')

-- k§ik, kes elavad Gothamis ja New Yorkis ning peavad olema
-- vanemad, kui 29
-- vrs. 1
select * from Person where (City = 'Gotham' or City = 'New York') 
and Age >= 30
-- vrs. 2
select * from Person where (City = 'Gotham' or City = 'New York') 
and (Age > 29)

-- Kuvab tõhestikulises jõrjekorras inimesi ja v§tab aluseks
-- Name veeru
select * from Person
select * from Person order by Name

-- V§tab kolm esimest rida Person tabelist
select top 3 * from Person

---------------------------
 -- tund nr 3 25.02.2026 --
---------------------------

--nõita esimesed 50% tabelist
select top 50 percent * from Person
select * from Person

--jõrjestab vanuse jõrgi isikud
select * from Person order by Age desc

--muudab Age muutuja int-ks ja nõitab vanuselises jõrjestuses
-- cast abil saab andmet³³pi muuta
select * from Person order by cast(Age as int) desc

-- k§ikide isikute koondvanus e liidab k§ik kokku
select sum(cast(Age as int)) from Person

--k§ige noorem isik tuleb ³les leida
select min(cast(Age as int)) from Person

--k§ige vanem isik
select max(cast(Age as int)) from Person

--muudame Age muutuja int peale
-- nõeme konkreetsetes linnades olevate isikute koondvanust
select City, sum(Age) as TotalAge from Person group by City

--kuidas saab koodiga muuta andmet³³pi ja selle pikkust
alter table Person 
alter column Name nvarchar(25)

-- kuvab esimeses reas võlja toodud jõrjestuses ja kuvab Age-i 
-- TotalAge-ks
--jõrjestab City-s olevate nimede jõrgi ja siis Genderid jõrgi
--kasutada group by-d ja order by-d
select City, GenderId, sum(Age) as TotalAge from Person
group by City, GenderId
order by City

--nõitab, et mitu rida andmeid on selles tabelis
select count(*) from Person

--nõitab tulemust, et mitu inimest on Genderid võõrtusega 2
--konkreetses linnas
--arvutab vanuse kokku selles linnas
select GenderId, City, sum(Age) as TotalAge, count(Id) as 
[Total Person(s)] from Person
where GenderId = '1'
group by GenderId, City

--nõitab õra inimeste koondvanuse, mis on ³le 41 a ja
--kui palju neid igas linnas elab
--eristab inimese soo õra
select GenderId, City, sum(Age) as TotalAge, count(Id) as 
[Total Person(s)] from Person
where GenderId = '2'
group by GenderId, City having sum(Age) > 41

--loome tabelid Employees ja Department
create table Department
(
Id int primary key,
DepartmentName nvarchar(50),
Location nvarchar(50),
DepartmentHead nvarchar(50)
)

create table Employees
(
Id int primary key,
Name nvarchar(50),
Gender nvarchar(50),
Salary nvarchar(50),
DepartmentId int
)

insert into Employees (Id, Name, Gender, Salary, DepartmentId)
values (1, 'Tom', 'Male', 4000, 1),
(2, 'Pam', 'Female', 3000, 3),
(3, 'John', 'Male', 3500, 1),
(4, 'Sam', 'Male', 4500, 2),
(5, 'Todd', 'Male', 2800, 2),
(6, 'Ben', 'Male', 7000, 1),
(7, 'Sara', 'Female', 4800, 3),
(8, 'Valarie', 'Female', 5500, 1),
(9, 'James', 'Male', 6500, NULL),
(10, 'Russell', 'Male', 8800, NULL)

insert into Department(Id, DepartmentName, Location, DepartmentHead)
values 
(1, 'IT', 'London', 'Rick'),
(2, 'Payroll', 'Delhi', 'Ron'),
(3, 'HR', 'New York', 'Christie'),
(4, 'Other Department', 'Sydney', 'Cindrella')

select * from Department
select * from Employees

---
select Name, Gender, Salary, DepartmentName
from Employees
left join Department
on Employees.DepartmentId = Department.Id
---

--arvutab k]ikide palgad kokku Employees tabelist
select sum(cast(Salary as int)) from Employees --arvutab k§ikide palgad kokku
-- k§ige võiksema palga saaja
select min(cast(Salary as int)) from Employees

--nõitab veerge Location ja Palka. Palga veerg kuvatakse TotalSalary-ks
--teha left join Department tabeliga
--grupitab Locationiga
select Location, sum(cast(Salary as int)) as TotalSalary
from Employees
left join Department
on Employees.DepartmentId = Department.Id
group by Location

-----------------------------
 -- Tund nr 4  03.03.2026 --
-----------------------------

select * from Employees
select SUM(CAST(salary as int)) from Employees --arvutab k§ikide palgad kokku

--lisame veeru City ja pikkus on 30
--employees tsbelisse lisada
alter table Employees
add city nvarchar(30)

select City, Gender, SUM(cast(salary as int)) as TotalSalary
from Employees
group by City, Gender

--peaaegu sama põring, aga linnad on tõhestikulises jõrjestuses'
select City, Gender, SUM(cast(salary as int)) as TotalSalary
from Employees
group by City, Gender
order by City

select * from Employees
-- on vaja teada, et mitu inimest on nimekirjas selles tabelis
select count(*) from Employees

--mitu t÷÷tajat on soo ja linna kaupa t÷÷tamas
select City, Gender, SUM(cast(salary as int)) as TotalSalary,
count (id) as [Total Employee(s)]
from Employees
group by Gender, City

--kasutage kas naised v§i mehed kaupa
--kasutage where

select City, Gender, SUM(cast(salary as int)) as TotalSalary,
count (id) as [Total Employee(s)]
from Employees
where Gender = 'Female'
group by Gender, City

-- sama tulemuseda nagu eelmine kord, kasutage: having
select City, Gender, SUM(cast(salary as int)) as TotalSalary,
count (id) as [Total Employee(s)]
from Employees
group by Gender, City
having Gender = 'Female'

-- k§ik, kes teenivad rohkem, kui 4000
select * from Employees where sum(cast(salary as int)) > 4000

--teeme varjandi, kus saame tulemuse
select Gender,City, SUM(cast(salary as int)) as TotalSalary,
count (id) as [Total Employee(s)]
from Employees
group by Gender, City
having SUM(cast(salary as int)) > 4000

--loome tabeli, milles hakatakse automaatselt nummerdama Id-d
create table Test1
(
Id int identity(1,1),
value nvarchar(20)
)
insert into Test1 values('x')
select * from Test1

-----------------------------
 -- Tund nr 5  04.03.2026 --
-----------------------------

-- kustutame veeru nimega 'City' Employee tabelist

alter table Employees
drop column City

-- inner join
-- kuvab neid kellel on departmenName all, olemas võõrtus
-- mitte kattuvad read eemaldatakse tulemusest
-- ja sellepõrast ei nõidata Jamesi ja Russelit tabelis
-- kuna neil on DepartmentId NULL
select Name, Gender, Salary, DepartmentName
from Employees
inner join Department
on Employees.DepartmentId = Department.id

-- left join 
select Name, Gender, Salary, DepartmentName
from Employees
left join Department -- v§ib kasutada ka LEFT OUTER JOIN'i
on Employees.DepartmentId = Department.Id
--urige, mis on left join:
-- Left join on vahend mis ³hendab kaks tabelit nii,
-- et tulemuses sõilivad k§ik read vasakpoolsest tabelist
-- e. 'Employees' tabelist,
-- olemata sellest, kas neile leiti parempoolsest tabelist
-- e. Department tabelist vastavus v§i mitte.

-- L³hem seletus:
-- nõitab andmeid, kus vasakpoolsest tabelist isegi, siis kui
-- seal puudub v§§rv§tme reas võõrus

-- right join
select Name, Gender, Salary, DepartmentName
from Employees
right join Department -- v§ib kasutada ka RIGHT OUTER JOIN'i
on Employees.DepartmentId = Department.id
-- Right join nõitab paremas(DEPARTMENT) tabelis olevaid võõrtuseid,
-- mis ei ³hti vasaku(EMPLOYEES) tabeliga.

-- outer join
select Name, Gender, Salary, DepartmentName
from Employees
full outer join Department
on Employees.DepartmentId = Department.id
-- m§lema tabeli read kuvab

-- teha cross join:
select Name, Gender, Salary, DepartmentName
from Employees
cross join Department
--korrutab k§ik omavahel lõbi

-- teha left join, kus Employees tabelist DepartmentId on null:
select Name, Gender, Salary, DepartmentName
from Employees
left join Department
on Employees.DepartmentId = Department.Id
where Employees.DepartmentId is null

-- teine variant ja sama tulemus
select Name, Gender, Salary, DepartmentName
from Employees
left join Department
on Employees.DepartmentId = Department.Id
where Department.id is null

-- nõitab aniult neid, kellel on vasakus tabelis (Employees)
-- DepartmentId null
select Name, Gender, Salary, DepartmentName
from Employees
right join Department
on Employees.DepartmentId = Department.Id
where Employees.DepartmentId is null
-- nõitab ainult paremas tabelis olevat rida,
-- mis ei kattu Employees'ga.

-- full Join
-- m§lema tabeli mitte-kattuvate võõrtustega read kuvab võlja
select Name, Gender, Salary, DepartmentName
from Employees
full join Department
on Employees.DepartmentId = Department.Id
where employees.DepartmentId is null
or Department.id is null

--teete AdventureWorksLT2019 andmebaasile join põringuid:
-- inner-,Left-, Right-, cross- ja full join
-- tabeleid sellesse andmebaasi juurde ei tohi teha AdventureWorksLT2019

 --špetaja kood--
------------------
--      vvv     --
--inner Join
-- m§nikurd peab muutuja ette kirjutama tabeli nimetuse
-- nagu on product.Name, et editor saaks aru, et kumma 
-- tabeli muutujat soovitakse kasutada ja ei tekiks segadust

select Product.name as [Product Name], ProductNumber, ListPrice
, ProductModel.Name as [Product Model Name], Product.ProductModelID,
ProductModel.ProductModelID
-- m§nikord peab ka tabeli ette kirjutama 
-- tõpsustama infio nagu SalesLT.Product
from SalesLT.Product 
inner join SalesLT.ProductModel
-- antud juhul Producti tabelis ProductModelId v§§rv§ti,
-- mis ProductModeli tabelis on primaarv§ti
on Product.ProductModelId = ProductModel.ProductModelId

  --Minu kood--
------------------
--     vvv
-- inner join
select p.Name AS ProductName, pc.Name AS CategoryName
from SalesLT.Product p
inner join SalesLT.ProductCategory pc
on p.ProductCategoryID = pc.ProductCategoryID

-- left join
select p.Name as ProductName, pc.Name as CategoryName
from SalesLT.Product p
left join SalesLT.ProductCategory pc
on p.ProductCategoryID = pc.ProductCategoryID

-- right join
select p.Name as ProductName, pc.Name as CategoryName
from SalesLT.Product p
right join SalesLT.Prod+uctCategory pc
on p.ProductCategoryID = pc.ProductCategoryID

-- full join
select p.Name as ProductName, pc.Name as CategoryName
from SalesLT.Product p
full join SalesLT.ProductCategory pc
on p.ProductCategoryID = pc.ProductCategoryID

-- cross join
select p.Name as ProductName, pc.Name as CategoryName
from SalesLT.Product p
cross join SalesLT.ProductCategory pc

-----------------------------
 -- Tund nr 6  12.03.2026 --
-----------------------------

--isnull funktsiooni kasutamine
select Isnull('Ingvar','No Manager') as Manager

-- NULL asemel kuvab No Manager
select coalesce(NULL, 'No Manager') as Manager

alter table Employees
add ManagerId int

-- neile, kellel ei ole ³lemust, siis paneb neile 'No Manager' teksti
-- Kasutage left join

select E.Name as Employee, isnull(M.Name, 'No Manager') as Manager
from Employees E
left join Employees M
on E.ManagerId = M.Id

-- kasutame inner joini
--kuvab ainult ManagerId all olevate isikute võõrtuseid
select E.Name as Employee, isnull(M.Name, 'No Manager') as Manager
from Employees E
inner join Employees M
on E.ManagerId = M.Id

-- k§ik saavad k§ikide ³lemused olla
select E.Name as Employee, M.Name as Manager
from Employees E
cross join Employees M

--lisame tabelisse uued veerud
alter table Employees
add MiddleName nvarchar(30)

alter table Employees
add LastName nvarchar(30)

--muudame olemasoleva veeru nimetust
sp_rename 'Employees.Name','FirstName'

-- Lisame Employees tabelisse MiddleName ning LastName
UPDATE Employees 
SET FirstName = 'Tom', MiddleName = 'Nick', LastName = 'Jones'
WHERE Id = 1;

UPDATE Employees 
SET FirstName = 'Pam', MiddleName = NULL, LastName = 'Anderson'
WHERE Id = 2;

UPDATE Employees 
SET FirstName = 'John', MiddleName = NULL, LastName = NULL
WHERE Id = 3;

UPDATE Employees 
SET FirstName = 'Sam', MiddleName = NULL, LastName = 'Smith'
WHERE Id = 4;

UPDATE Employees 
SET FirstName = NULL, MiddleName = 'Todd', LastName = 'Someone'
WHERE Id = 5;

UPDATE Employees 
SET FirstName = 'Ben', MiddleName = 'Ten', LastName = 'Sven'
WHERE Id = 6;

UPDATE Employees 
SET FirstName = 'Sara', MiddleName = NULL, LastName = 'Connor'
WHERE Id = 7;

UPDATE Employees 
SET FirstName = 'Valarine', MiddleName = 'Balerine', LastName = NULL
WHERE Id = 8;

UPDATE Employees 
SET FirstName = 'James', MiddleName = '007', LastName = 'Bond'
WHERE Id = 9;

UPDATE Employees 
SET FirstName = NULL, MiddleName = NULL, LastName = 'Crowe'
WHERE Id = 10;

-- igast reast v§tab esimesena tõidetud lahtri ja kuvab ainult seda
--
select * from Employees
select Id, coalesce(FirstName, MiddleName, LastName) AS Name
from Employees

--loome kaks tabelit
create table IndianCustomers
(
Id int identity(1,1),
Name nvarchar(25),
Email nvarchar(25)
)

create table UKCustomers
(
Id int identity(1,1),
Name nvarchar(25),
Email nvarchar(25)
)

-- sisestame tabelisse andmeid
insert into IndianCustomers (Name, Email)
values ('Raj', 'R@R.com'),
('Sam','S@S.com')

insert into UKCustomers (Name, Email)
values ('Ben', 'B@B.com'),
('Sam','S@S.com')

select * from IndianCustomers
select * from UKCustomers

-- kasutame union all, mis nõitab k§iki ridu
-- union all ³hendab tabeleid ja nõitab sisu
select Id, Name, Email from IndianCustomers
union all
select Id, Name, Email from UKCustomers

-- korduvate võõrtustega read pannakse ³hte ja ei korrata
select Id, Name, Email from IndianCustomers
union
select Id, Name, Email from UKCustomers

-- kasutad union all, aga sorteerid nime jõrgi
select Id, Name, Email from IndianCustomers
union all
select Id, Name, Email from UKCustomers
order by Name

-- stored procedure
-- tavaliselt pannakse nimetuse ette 'sp', mis tõhendab stored procetures
create procedure spGetEmployees
as begin
    select FirstName, Gender from Employees
end

--n³³d saab kasutada selle nimelist sp-d
spGetEmployees
exec spGetEmployees
execute spGetEmployees

create proc spGetEmployeesByGenderAndDepatment
--'@' tõhendab muutujat
@Gender nvarchar(20),
@DepartmentId int
as begin
    select FirstName, Gender, DepartmentId from Employees where Gender = @Gender
	and DepartmentId = @DepartmentId
end

--kui n³³d allolevate kõsklust kõima panna, siis n§uab gender parameetrit
spGetEmployeesByGenderAndDepatment

--§ige varjant
spGetEmployeesByGenderAndDepatment 'Male', 1

--niimoodi saab sp kirja pandud jõrjekorrast
spGetEmployeesByGenderAndDepatment @DepartmentId = 1, @Gender ='Male'

---saab vaadata sp sisu result vates
sp_helptext spGetEmployeesByGenderAndDepatment

--kuidas muuta sp-d ja panna sinna v§ti peale, et
--keegi peale teie ei saaks muuta kuskile tuleb lisada with encryption
alter proc spGetEmployeesByGenderAndDepatment
@Gender nvarchar(20),
@DepartmentId int
with encryption
as begin
    select FirstName, Gender, DepartmentId from Employees where Gender = @Gender
	and DepartmentId = @DepartmentId
end

create proc spGetEmployeeCountByGender
@Gender nvarchar(20),
@EmployeeCount int output
as begin
     select @EmployeeCount = COUNT(Id) from Employees where Gender = @Gender
end

-- annab tulemuse, kus loendab õra n§uetele vastavad read
-- prindib ka tulemuse kirja teel
-- tuleb teha declare muutuja @TotalCount, mis on int
declare @TotalCount int
-- execute spGetEmployeeCountByGender sp, kus on parameetrid Male ja TotalCount
execute spGetEmployeeCountByGender 'Male', @TotalCount out 
-- if ja else, kui TotalCount = 0, siis tuleb tekst TotalCount is null
if (@TotalCount = 0)
    print '@TotalCount is null'
else 
    print '@TotalCount is null'
print @TotalCount
--L§pus kasuta printi @TotalCounti puhul

-----------------------------
 -- Tund nr 7  17.03.2026 -- 
-----------------------------

--Nõitab õra, mitu rida vastab n§uetele

--deklareerime muutuja @TotalCount, mis on int admet³³p
declare @TotalCount int
--kõivitame stored procedure spGetEmployeeCountByGender,
--kus on parameetrid
--@EmployeeCount = @TotalCount out ja @Gender
execute spGetEmployeeCountByGender @EmployeeCount = @TotalCount out,
@Gender = 'Female'
--prindib konsooli võlja, kui TotalCount on null v§i mitte null
print @TotalCount

--sp sisu vaatamine
sp_help spGetEmployeeCountByGender
--tabeli info vaatamine
sp_help Employees
--kui soovid sp teksti nõha
sp_helptext spGetEmployeeCountByGender

--vaatame, millest s§ltub meie valitud sp
sp_depends spGetEmployeeCountByGender
--nõitab, et sp s§ltub Empolyees tabelist, kuna seal on count(id)
--ja Id on Employees tabelis

--vaatame tabelist
sp_depends Employees

--teeme sp, mis annab andmeid Id ja Name veergude kohta Employees tabelist
create proc spGetNameById
@Id int,
@Name nvarchar(20) output
as begin
   select @Id = Id, @Name = FirstName from Employees
end

--annab kogu tabeli ridade arvu
create proc spTotalCount2
@TotalCount int output
as begin
   select @TotalCount = COUNT(Id) from Employees
end

--on vaja teha uus põring, kus kasutame spTotalCount2 sp-d,
--et saada tabeli arv
--tuleb deklarerida muutuja @TotalCount, mis on int andmet³³p
--tuleb execute spTotalCount2, kus on parameeter @TotalCount = @TotalCount out
declare @TotalEmployees int
exec spTotalCount2 @TotalEmployees output
select @TotalEmployees

--mis Id all on keegi nime jõrgi
create proc spGetNameById1
@Id int,
@Name nvarchar(20) output
as begin
   select @Name = FirstName from Employees where Id = @Id
end

--annab tulemuse. kus id 1(seda numbrit saab muuta) real on keegi
--koos nimega
--print'i tuleb kasutada, et nõidata tulemust
declare @FirstName nvarchar(20)
execute spGetNameById1 3, @FirstName output
print 'Name of the employee = ' + @FirstName

--tehke sama, mis eelmine, aga kasutage spGetNameById sp-d
--FirstName l§pus on outdeclare

declare @FirstName nvarchar(20)
execute spGetNameById1 3, @FirstName out
print 'Name = ' + @FirstName

--output tagastab muudetud read kohe põringu tulemusena
--see on salvestatut protsetuuris ja ³he võõrtuse tagastamine
--out ei anna mitte midagi, kui seda ei mõõra execute kõsus

-----------------------------
 -- Tund nr 8  19.03.2026 -- 
-----------------------------