     
	    -- Tund nr 1 11.02.26 --
---------------------------------------

-- teeme andmebaas'i e. db(data Base)
create database IKT25TAR

-- KUS ON db?!?!??!?!?!?!
-- db oli 'Databases' all.(Folder'is)

--andmebaasi valimine
use IKT25TAR

-- andmebaasi kustutamine
drop database IKT25TAR

-- teeme uuesti andmebaasi IKT25TAR
create database IKT25TAR

-- teeme tabeli
create table Gender
(
-- Meil on muutuja Id,
-- Mis on t‰isarv andmet¸¸p,
-- kui sisestad andmed,
-- siis see veerg peab olema t‰idetud,
--btegemist on primaarvıtmega
id int not null primary key,
-- Veeru nimi on 'Gender',
-- 10 t‰hem‰rki on max pikkus,
-- andmed peavad olema siesestatud e.
-- ei tohi olla t¸hi
Gender nvarchar(10) not null
)

-- andmete sisestamine
-- proovige ise teha
-- Id 1, Gender = Male
-- Id 2, Gender = Female

insert into Gender (Id, Gender)
values (1, 'Male'),
(2, 'Female')

-- Vaatame tabeli sisu
-- '*' t‰hendab, et n‰ita kıike seal sees olevat infot
select * from Gender

-- teeme uue tabeli nimega 'Person'
-- veeru nimed: Id int not null primary key,
-- Name: nvachar (30)
-- Email: nvachar (30)
-- GenderId int

create table Person
(
id int not null primary key,
Name nvarchar(30),
Email nvarchar(30),
GenderId int
)

-----------------------------
 -- tund nr 2 18.02.2026 --
-----------------------------

insert into Person (id, Name, Email, GenderId)
values (1, 'Superman', 's@s.com', 2),
(2, 'Wonerwoman', 'w@w.com', 1),
(3, 'Batman', 'b@b.com', 2),
(4, 'Aquaman', 'a@a.com', 2),
(5, 'CatWoman', 'c@c.com', 1),
(6, 'Antman', 'ant"ant.com', 2),
(8, NULL, NULL, 2)

-- n‰en tabelis olevat infot
select * from Person

-- vıırvıtme ¸henduse loomine kahe tabeli vahel
alter table person add constraint tblPerson_GenderId_FK
foreign key(GenderId) references Gender(Id)

-- kui sisestad uue rea andmeid ja ei ole sisestanud GenderId alla
-- v‰‰rtust, siis automaatselt sisestab sellele reale v‰‰rtuse 3
-- e. unknown
alter table person
add constraint DF_Person_GÈnderId
default 3 for GenderId

insert into Gender(id, Gender)
values (3, 'Unknown')

insert into Person(id, Name, Email, GenderId)
values (7, 'Black Panter', 'b@b.com', NULL)

insert into Person(id, Name, Email)
values (9, 'Spiderman', 'spider@man.com')

select * from Person

-- piirangu kasutamine
alter table person
drop constraint DF_Persons_GeÒderId

-- kuidas lisada veergu tabelile Person
--veeru nimi on Age nvarchar(10)
alter table Person
add Age nvarchar(10)

alter table person
add constraint CK_Person_Age check (Age > 0 and Age < 155)

-- kuidas uuendada andmeid
update Person
set Age = 159
where id = 7

select * from Person

-- soovin kustutada ¸he rea
-- kuidas seda teha?

delete from Person where id = 8

-- lisame uue veeru City nvarchar(50)
alter table Person
add City nvarchar(50)

-- kıik, kes elavad Gothami linnas
select * from Person where City = 'Gotham'
-- kıik, kes ei ela Gothamis
select * from Person where City! = 'Gotham'
-- varjant nr 2. kıik, kes ei ela Gothamis
select * from Person where City <> 'Gotham'

-- N‰itab teatud vanusega inimesi
-- Valime 151, 35, 25

-- Vrs. 1
select * from Person where Age in (151, 35, 26)

-- Vrs. 2
select * from Person where Age = 151 or Age = 35 or Age = 26

-- Soovin n‰ha inimesi vahemikus 22 kuni 41

-- Vrs. 1
select * from Person where Age between 22 and 41

-- Vrs. 2
select * from Person where Age >= 22 and Age <= 41

-- wildcard e. n‰itab kıik g-t‰hega linnad
select * from Person where City like 'G%'
-- otsib emailidm @-m‰rgiga
select * from Person where Email like '%@%'

-- '%' n‰itab asukohta
-- tahan n‰ha, kellel on emailis ees ja peale @-m‰rki ¸ks t‰ht
select * from Person where Email like '_@_.%'

-- kıik, kelle nimes ei ole esimene t‰ht W, A, S
select * from Person where Name like '[^WAS]%'

-- kıik, kes elavad Gothamis ja New Yorkis
-- vrs. 1
select * from Person where (City = 'Gotham' or City = 'New York')
-- vrs. 2
select * from Person where City in ('Gotham', 'New York')

-- kıik, kes elavad Gothamis ja New Yorkis ning peavad olema
-- vanemad, kui 29
-- vrs. 1
select * from Person where (City = 'Gotham' or City = 'New York') 
and Age >= 30
-- vrs. 2
select * from Person where (City = 'Gotham' or City = 'New York') 
and (Age > 29)

-- Kuvab t‰hestikulises j‰rjekorras inimesi ja vıtab aluseks
-- Name veeru
select * from Person
select * from Person order by Name

-- Vıtab kolm esimest rida Person tabelist
select top 3 * from Person

---------------------------
 -- tund nr 3 25.02.2026 --
---------------------------

--n‰ita esimesed 50% tabelist
select top 50 percent * from Person
select * from Person

--j‰rjestab vanuse j‰rgi isikud
select * from Person order by Age desc

--muudab Age muutuja int-ks ja n‰itab vanuselises j‰rjestuses
-- cast abil saab andmet¸¸pi muuta
select * from Person order by cast(Age as int) desc

-- kıikide isikute koondvanus e liidab kıik kokku
select sum(cast(Age as int)) from Person

--kıige noorem isik tuleb ¸les leida
select min(cast(Age as int)) from Person

--kıige vanem isik
select max(cast(Age as int)) from Person

--muudame Age muutuja int peale
-- n‰eme konkreetsetes linnades olevate isikute koondvanust
select City, sum(Age) as TotalAge from Person group by City

--kuidas saab koodiga muuta andmet¸¸pi ja selle pikkust
alter table Person 
alter column Name nvarchar(25)

-- kuvab esimeses reas v‰lja toodud j‰rjestuses ja kuvab Age-i 
-- TotalAge-ks
--j‰rjestab City-s olevate nimede j‰rgi ja siis Genderid j‰rgi
--kasutada group by-d ja order by-d
select City, GenderId, sum(Age) as TotalAge from Person
group by City, GenderId
order by City

--n‰itab, et mitu rida andmeid on selles tabelis
select count(*) from Person

--n‰itab tulemust, et mitu inimest on Genderid v‰‰rtusega 2
--konkreetses linnas
--arvutab vanuse kokku selles linnas
select GenderId, City, sum(Age) as TotalAge, count(Id) as 
[Total Person(s)] from Person
where GenderId = '1'
group by GenderId, City

--n‰itab ‰ra inimeste koondvanuse, mis on ¸le 41 a ja
--kui palju neid igas linnas elab
--eristab inimese soo ‰ra
select GenderId, City, sum(Age) as TotalAge, count(Id) as 
[Total Person(s)] from Person
where GenderId = '2'
group by GenderId, City having sum(Age) > 41

--loome tabelid Employees ja Department
create table Department
(
Id int primary key,
DepartmentName nvarchar(50),
Location nvarchar(50),
DepartmentHead nvarchar(50)
)

create table Employees
(
Id int primary key,
Name nvarchar(50),
Gender nvarchar(50),
Salary nvarchar(50),
DepartmentId int
)

insert into Employees (Id, Name, Gender, Salary, DepartmentId)
values (1, 'Tom', 'Male', 4000, 1),
(2, 'Pam', 'Female', 3000, 3),
(3, 'John', 'Male', 3500, 1),
(4, 'Sam', 'Male', 4500, 2),
(5, 'Todd', 'Male', 2800, 2),
(6, 'Ben', 'Male', 7000, 1),
(7, 'Sara', 'Female', 4800, 3),
(8, 'Valarie', 'Female', 5500, 1),
(9, 'James', 'Male', 6500, NULL),
(10, 'Russell', 'Male', 8800, NULL)

insert into Department(Id, DepartmentName, Location, DepartmentHead)
values 
(1, 'IT', 'London', 'Rick'),
(2, 'Payroll', 'Delhi', 'Ron'),
(3, 'HR', 'New York', 'Christie'),
(4, 'Other Department', 'Sydney', 'Cindrella')

select * from Department
select * from Employees

---
select Name, Gender, Salary, DepartmentName
from Employees
left join Department
on Employees.DepartmentId = Department.Id
---

--arvutab k]ikide palgad kokku Employees tabelist
select sum(cast(Salary as int)) from Employees --arvutab kıikide palgad kokku
-- kıige v‰iksema palga saaja
select min(cast(Salary as int)) from Employees

--n‰itab veerge Location ja Palka. Palga veerg kuvatakse TotalSalary-ks
--teha left join Department tabeliga
--grupitab Locationiga
select Location, sum(cast(Salary as int)) as TotalSalary
from Employees
left join Department
on Employees.DepartmentId = Department.Id
group by Location

-----------------------------
 -- Tund nr 4  03.03.2026 --
-----------------------------

select * from Employees
select SUM(CAST(salary as int)) from Employees --arvutab kıikide palgad kokku

--lisame veeru City ja pikkus on 30
--employees tsbelisse lisada
alter table Employees
add city nvarchar(30)

select City, Gender, SUM(cast(salary as int)) as TotalSalary
from Employees
group by City, Gender

--peaaegu sama p‰ring, aga linnad on t‰hestikulises j‰rjestuses'
select City, Gender, SUM(cast(salary as int)) as TotalSalary
from Employees
group by City, Gender
order by City

select * from Employees
-- on vaja teada, et mitu inimest on nimekirjas selles tabelis
select count(*) from Employees

--mitu tˆˆtajat on soo ja linna kaupa tˆˆtamas
select City, Gender, SUM(cast(salary as int)) as TotalSalary,
count (id) as [Total Employee(s)]
from Employees
group by Gender, City

--kasutage kas naised vıi mehed kaupa
--kasutage where

select City, Gender, SUM(cast(salary as int)) as TotalSalary,
count (id) as [Total Employee(s)]
from Employees
where Gender = 'Female'
group by Gender, City

-- sama tulemuseda nagu eelmine kord, kasutage: having
select City, Gender, SUM(cast(salary as int)) as TotalSalary,
count (id) as [Total Employee(s)]
from Employees
group by Gender, City
having Gender = 'Female'

-- kıik, kes teenivad rohkem, kui 4000
select * from Employees where sum(cast(salary as int)) > 4000

--teeme varjandi, kus saame tulemuse
select Gender,City, SUM(cast(salary as int)) as TotalSalary,
count (id) as [Total Employee(s)]
from Employees
group by Gender, City
having SUM(cast(salary as int)) > 4000

--loome tabeli, milles hakatakse automaatselt nummerdama Id-d
create table Test1
(
Id int identity(1,1),
value nvarchar(20)
)
insert into Test1 values('x')
select * from Test1

-----------------------------
 -- Tund nr 5  04.03.2026 --
-----------------------------

-- kustutame veeru nimega 'City' Employee tabelist

alter table Employees
drop column City

-- inner join
-- kuvab neid kellel on departmenName all, olemas v‰‰rtus
-- mitte kattuvad read eemaldatakse tulemusest
-- ja sellep‰rast ei n‰idata Jamesi ja Russelit tabelis
-- kuna neil on DepartmentId NULL
select Name, Gender, Salary, DepartmentName
from Employees
inner join Department
on Employees.DepartmentId = Department.id

-- left join 
select Name, Gender, Salary, DepartmentName
from Employees
left join Department -- vıib kasutada ka LEFT OUTER JOIN'i
on Employees.DepartmentId = Department.Id
--urige, mis on left join:
-- Left join on vahend mis ¸hendab kaks tabelit nii,
-- et tulemuses s‰ilivad kıik read vasakpoolsest tabelist
-- e. 'Employees' tabelist,
-- olemata sellest, kas neile leiti parempoolsest tabelist
-- e. Department tabelist vastavus vıi mitte.

-- L¸hem seletus:
-- n‰itab andmeid, kus vasakpoolsest tabelist isegi, siis kui
-- seal puudub vıırvıtme reas v‰‰rus

-- right join
select Name, Gender, Salary, DepartmentName
from Employees
right join Department -- vıib kasutada ka RIGHT OUTER JOIN'i
on Employees.DepartmentId = Department.id
-- Right join n‰itab paremas(DEPARTMENT) tabelis olevaid v‰‰rtuseid,
-- mis ei ¸hti vasaku(EMPLOYEES) tabeliga.

-- outer join
select Name, Gender, Salary, DepartmentName
from Employees
full outer join Department
on Employees.DepartmentId = Department.id
-- mılema tabeli read kuvab

-- teha cross join:
select Name, Gender, Salary, DepartmentName
from Employees
cross join Department
--korrutab kıik omavahel l‰bi

-- teha left join, kus Employees tabelist DepartmentId on null:
select Name, Gender, Salary, DepartmentName
from Employees
left join Department
on Employees.DepartmentId = Department.Id
where Employees.DepartmentId is null

-- teine variant ja sama tulemus
select Name, Gender, Salary, DepartmentName
from Employees
left join Department
on Employees.DepartmentId = Department.Id
where Department.id is null

-- n‰itab aniult neid, kellel on vasakus tabelis (Employees)
-- DepartmentId null
select Name, Gender, Salary, DepartmentName
from Employees
right join Department
on Employees.DepartmentId = Department.Id
where Employees.DepartmentId is null
-- n‰itab ainult paremas tabelis olevat rida,
-- mis ei kattu Employees'ga.

-- full Join
-- mılema tabeli mitte-kattuvate v‰‰rtustega read kuvab v‰lja
select Name, Gender, Salary, DepartmentName
from Employees
full join Department
on Employees.DepartmentId = Department.Id
where employees.DepartmentId is null
or Department.id is null

--teete AdventureWorksLT2019 andmebaasile join p‰ringuid:
-- inner-,Left-, Right-, cross- ja full join
-- tabeleid sellesse andmebaasi juurde ei tohi teha AdventureWorksLT2019

 --’petaja kood--
------------------
--      vvv     --
--inner Join
-- mınikurd peab muutuja ette kirjutama tabeli nimetuse
-- nagu on product.Name, et editor saaks aru, et kumma 
-- tabeli muutujat soovitakse kasutada ja ei tekiks segadust

select Product.name as [Product Name], ProductNumber, ListPrice
, ProductModel.Name as [Product Model Name], Product.ProductModelID,
ProductModel.ProductModelID
-- mınikord peab ka tabeli ette kirjutama 
-- t‰psustama infio nagu SalesLT.Product
from SalesLT.Product 
inner join SalesLT.ProductModel
-- antud juhul Producti tabelis ProductModelId vıırvıti,
-- mis ProductModeli tabelis on primaarvıti
on Product.ProductModelId = ProductModel.ProductModelId

  --Minu kood--
------------------
--     vvv
-- inner join
select p.Name AS ProductName, pc.Name AS CategoryName
from SalesLT.Product p
inner join SalesLT.ProductCategory pc
on p.ProductCategoryID = pc.ProductCategoryID

-- left join
select p.Name as ProductName, pc.Name as CategoryName
from SalesLT.Product p
left join SalesLT.ProductCategory pc
on p.ProductCategoryID = pc.ProductCategoryID

-- right join
select p.Name as ProductName, pc.Name as CategoryName
from SalesLT.Product p
right join SalesLT.Prod+uctCategory pc
on p.ProductCategoryID = pc.ProductCategoryID

-- full join
select p.Name as ProductName, pc.Name as CategoryName
from SalesLT.Product p
full join SalesLT.ProductCategory pc
on p.ProductCategoryID = pc.ProductCategoryID

-- cross join
select p.Name as ProductName, pc.Name as CategoryName
from SalesLT.Product p
cross join SalesLT.ProductCategory pc

-----------------------------
 -- Tund nr 6  12.03.2026 --
-----------------------------

--isnull funktsiooni kasutamine
select Isnull('Ingvar','No Manager') as Manager

-- NULL asemel kuvab No Manager
select coalesce(NULL, 'No Manager') as Manager

alter table Employees
add ManagerId int

-- neile, kellel ei ole ¸lemust, siis paneb neile 'No Manager' teksti
-- Kasutage left join

select E.Name as Employee, isnull(M.Name, 'No Manager') as Manager
from Employees E
left join Employees M
on E.ManagerId = M.Id

-- kasutame inner joini
--kuvab ainult ManagerId all olevate isikute v‰‰rtuseid
select E.Name as Employee, isnull(M.Name, 'No Manager') as Manager
from Employees E
inner join Employees M
on E.ManagerId = M.Id

-- kıik saavad kıikide ¸lemused olla
select E.Name as Employee, M.Name as Manager
from Employees E
cross join Employees M

--lisame tabelisse uued veerud
alter table Employees
add MiddleName nvarchar(30)

alter table Employees
add LastName nvarchar(30)

--muudame olemasoleva veeru nimetust
sp_rename 'Employees.Name','FirstName'

-- Lisame Employees tabelisse MiddleName ning LastName
UPDATE Employees 
SET FirstName = 'Tom', MiddleName = 'Nick', LastName = 'Jones'
WHERE Id = 1;

UPDATE Employees 
SET FirstName = 'Pam', MiddleName = NULL, LastName = 'Anderson'
WHERE Id = 2;

UPDATE Employees 
SET FirstName = 'John', MiddleName = NULL, LastName = NULL
WHERE Id = 3;

UPDATE Employees 
SET FirstName = 'Sam', MiddleName = NULL, LastName = 'Smith'
WHERE Id = 4;

UPDATE Employees 
SET FirstName = NULL, MiddleName = 'Todd', LastName = 'Someone'
WHERE Id = 5;

UPDATE Employees 
SET FirstName = 'Ben', MiddleName = 'Ten', LastName = 'Sven'
WHERE Id = 6;

UPDATE Employees 
SET FirstName = 'Sara', MiddleName = NULL, LastName = 'Connor'
WHERE Id = 7;

UPDATE Employees 
SET FirstName = 'Valarine', MiddleName = 'Balerine', LastName = NULL
WHERE Id = 8;

UPDATE Employees 
SET FirstName = 'James', MiddleName = '007', LastName = 'Bond'
WHERE Id = 9;

UPDATE Employees 
SET FirstName = NULL, MiddleName = NULL, LastName = 'Crowe'
WHERE Id = 10;

-- igast reast vıtab esimesena t‰idetud lahtri ja kuvab ainult seda
--
select * from Employees
select Id, coalesce(FirstName, MiddleName, LastName) AS Name
from Employees

--loome kaks tabelit
create table IndianCustomers
(
Id int identity(1,1),
Name nvarchar(25),
Email nvarchar(25)
)

create table UKCustomers
(
Id int identity(1,1),
Name nvarchar(25),
Email nvarchar(25)
)

-- sisestame tabelisse andmeid
insert into IndianCustomers (Name, Email)
values ('Raj', 'R@R.com'),
('Sam','S@S.com')

insert into UKCustomers (Name, Email)
values ('Ben', 'B@B.com'),
('Sam','S@S.com')

select * from IndianCustomers
select * from UKCustomers

-- kasutame union all, mis n‰itab kıiki ridu
-- union all ¸hendab tabeleid ja n‰itab sisu
select Id, Name, Email from IndianCustomers
union all
select Id, Name, Email from UKCustomers

-- korduvate v‰‰rtustega read pannakse ¸hte ja ei korrata
select Id, Name, Email from IndianCustomers
union
select Id, Name, Email from UKCustomers

-- kasutad union all, aga sorteerid nime j‰rgi
select Id, Name, Email from IndianCustomers
union all
select Id, Name, Email from UKCustomers
order by Name

-- stored procedure
-- tavaliselt pannakse nimetuse ette 'sp', mis t‰hendab stored procetures
create procedure spGetEmployees
as begin
    select FirstName, Gender from Employees
end

--n¸¸d saab kasutada selle nimelist sp-d
spGetEmployees
exec spGetEmployees
execute spGetEmployees

create proc spGetEmployeesByGenderAndDepatment
--'@' t‰hendab muutujat
@Gender nvarchar(20),
@DepartmentId int
as begin
    select FirstName, Gender, DepartmentId from Employees where Gender = @Gender
	and DepartmentId = @DepartmentId
end

--kui n¸¸d allolevate k‰sklust k‰ima panna, siis nıuab gender parameetrit
spGetEmployeesByGenderAndDepatment

--ıige varjant
spGetEmployeesByGenderAndDepatment 'Male', 1

--niimoodi saab sp kirja pandud j‰rjekorrast
spGetEmployeesByGenderAndDepatment @DepartmentId = 1, @Gender ='Male'

---saab vaadata sp sisu result vates
sp_helptext spGetEmployeesByGenderAndDepatment

--kuidas muuta sp-d ja panna sinna vıti peale, et
--keegi peale teie ei saaks muuta kuskile tuleb lisada with encryption
alter proc spGetEmployeesByGenderAndDepatment
@Gender nvarchar(20),
@DepartmentId int
with encryption
as begin
    select FirstName, Gender, DepartmentId from Employees where Gender = @Gender
	and DepartmentId = @DepartmentId
end

create proc spGetEmployeeCountByGender
@Gender nvarchar(20),
@EmployeeCount int output
as begin
     select @EmployeeCount = COUNT(Id) from Employees where Gender = @Gender
end

-- annab tulemuse, kus loendab ‰ra nıuetele vastavad read
-- prindib ka tulemuse kirja teel
-- tuleb teha declare muutuja @TotalCount, mis on int
declare @TotalCount int
-- execute spGetEmployeeCountByGender sp, kus on parameetrid Male ja TotalCount
execute spGetEmployeeCountByGender 'Male', @TotalCount out 
-- if ja else, kui TotalCount = 0, siis tuleb tekst TotalCount is null
if (@TotalCount = 0)
    print '@TotalCount is null'
else 
    print '@TotalCount is null'
print @TotalCount
--Lıpus kasuta printi @TotalCounti puhul

-----------------------------
 -- Tund nr 7  17.03.2026 -- 
-----------------------------

-- N‰itab ‰ra, mitu rida vastab nıuetele

-- deklareerime muutuja @TotalCount, mis on int admet¸¸p
declare @TotalCount int
-- k‰ivitame stored procedure spGetEmployeeCountByGender,
-- kus on parameetrid
-- @EmployeeCount = @TotalCount out ja @Gender
execute spGetEmployeeCountByGender @EmployeeCount = @TotalCount out,
@Gender = 'Female'
-- prindib konsooli v‰lja, kui TotalCount on null vıi mitte null
print @TotalCount

-- sp sisu vaatamine
sp_help spGetEmployeeCountByGender
-- tabeli info vaatamine
sp_help Employees
-- kui soovid sp teksti n‰ha
sp_helptext spGetEmployeeCountByGender

-- vaatame, millest sıltub meie valitud sp
sp_depends spGetEmployeeCountByGender
-- n‰itab, et sp sıltub Empolyees tabelist, kuna seal on count(id)
-- ja Id on Employees tabelis

-- vaatame tabelist
sp_depends Employees

-- teeme sp, mis annab andmeid Id ja Name veergude kohta Employees tabelist
create proc spGetNameById
@Id int,
@Name nvarchar(20) output
as begin
   select @Id = Id, @Name = FirstName from Employees
end

-- annab kogu tabeli ridade arvu
create proc spTotalCount2
@TotalCount int output
as begin
   select @TotalCount = COUNT(Id) from Employees
end

-- on vaja teha uus p‰ring, kus kasutame spTotalCount2 sp-d,
-- et saada tabeli arv
-- tuleb deklarerida muutuja @TotalCount, mis on int andmet¸¸p
-- tuleb execute spTotalCount2, kus on parameeter @TotalCount = @TotalCount out
declare @TotalEmployees int
exec spTotalCount2 @TotalEmployees output
select @TotalEmployees

-- mis Id all on keegi nime j‰rgi
create proc spGetNameById1
@Id int,
@Name nvarchar(20) output
as begin
   select @Name = FirstName from Employees where Id = @Id
end

-- annab tulemuse. kus id 1(seda numbrit saab muuta) real on keegi
-- koos nimega
-- print'i tuleb kasutada, et n‰idata tulemust
declare @FirstName nvarchar(20)
execute spGetNameById1 3, @FirstName output
print 'Name of the employee = ' + @FirstName

-- tehke sama, mis eelmine, aga kasutage spGetNameById sp-d
-- FirstName lıpus on outdeclare

declare @FirstName nvarchar(20)
execute spGetNameById1 3, @FirstName out
print 'Name = ' + @FirstName

-- output tagastab muudetud read kohe p‰ringu tulemusena
-- see on salvestatut protsetuuris ja ¸he v‰‰rtuse tagastamine
-- out ei anna mitte midagi, kui seda ei m‰‰ra execute k‰sus

-----------------------------
 -- Tund nr 8  19.03.2026 -- 
-----------------------------

sp_help spGetNameById

create proc spGetNameById2
@Id int
-- Kui on begin, siis on ka end kuskil olemas
as begin
    return (select FirstName from Emloyees where Id = @Id)
end

-- tuleb veateade kuna kutsusime v‰lja int'i, aga Tom on nvarchar
declare @EmployeeName nvarchar(50)
execute @EmployeeName = spGetNameById2 1
print 'Name of the employee' + @EmployeeName

-- Sisseehitatud string funktsioonid
-- see konverteerib ASCII t‰he v‰‰rtuse numbriks
select ASCII('A')

select char(65)

-- prindime kogu t‰hestiku v‰lja
declare @start int
set @start = 97
-- kasutate while'i, et n‰idata kogu t‰hestik ette sql
while (@start <= 122)
begin
    select CHAR (@start)
	set @start = @start + 1
end

-- eemaldame t¸hjad kohad sulgudes
select ('                 HELLO!!!')
select LTRIM('                 HELLO!!!')

-- t¸hikute eemaldamine veerust, mis on tabelis
select FirstName, MiddleName,LastName from Employees
-- eemaldage t¸hikud FirstName veerust ‰ra

select LTRIM(FirstName) as FirstName, MiddleName, LastName from Employees

-- paremalt poolt t¸hjad stringid lıikab ‰ra
select RTRIM('       HELLO!!!        ')

-- keerab kooloni sees olevad andmed vastupidiseks
-- vastavalt lower'iga ja upper'iga saan m‰rkide suurust
-- reverse funktsioon pˆˆrab kıik ¸mber
select REVERSE(upper(ltrim(FirstName))) as FirstName, MiddleName, 
lower(LastName), ltrim(ltrim(FirstName)) + ' ' + MiddleName + ' ' + LastName
as FullName from Employees

-- left, right, substring
--Vasakult poolt neli esimest t‰hte
select LEFT('ABCDEF', 4)
-- Paremalt poolt kolm esimest t‰hte
select RIGHT('ABCDEF', 3)

-- Kuvab @-t‰hem‰rgi asetust e. mitmes on '@' m‰rk 
select CHARINDEX('@', 'sara@aaa.com')

-- esimene nr peale komakohta n‰itab, et mitmendast alustab ja
-- siis minu nr peale seda kuvada
select SUBSTRING('pam@bbb.com', 5,2)

-- '@' m‰rgist kuvab t‰hem‰rki. Viimase nr-ga saab m‰‰rata pikkust
select SUBSTRING('pam@bbb.com', CHARINDEX('@', 'pam@bbb.com') + 1, 3)


-- peale @-m‰rki hakkab kuvama tulemust, nr-ga saab kaugust seadistada
select SUBSTRING('pam@bbb.com', CHARINDEX('@', 'pam@bbb.com') + 3,
LEN('pam@bbb.com') - CHARINDEX('@','pam@bbb.com'))

alter table Employees
add Email nvarchar(20)

select * from Employees

update Employees set Email = 'tom@aaa.com' where Id = 1;
update Employees set Email = 'pam@bbb.com' where Id = 2;
update Employees set Email = 'john@aaa.com' where Id = 3;
update Employees set Email = 'sam@bbb.com' where Id = 4;
update Employees set Email = 'todd@bbb.com' where Id = 5;
update Employees set Email = 'ben@ccc.com' where Id = 6;
update Employees set Email = 'sara@ccc.com' where Id = 7;
update Employees set Email = 'valarie@aaa.com' where Id = 8;
update Employees set Email = 'james@bbb.com' where Id = 9;
update Employees set Email = 'russell@bbb.com' where Id = 10;

-- soovime teada saada domeeninimesid emailides
select SUBSTRING (Email, CHARINDEX('@', Email) + 1,
len(Email) - charindex('@', Email)) as EmailDomain
from Employees

-- alates teisest t‰hest emailis kuni @ m‰rgini on t‰rnid
select FirstName, LastName,
SUBSTRING(Email, 1, 2) + replicate('*', 5) +
substring(Email, charindex('@', Email), len(Email) -
charindex('@', Email)+1) as Email
from Employees

-- kolm korda n‰itab stringis olevat v‰‰rtust
select REPLICATE('asd', 3)

-- t¸hiku sisestamine
select SPACE(5)

-- t¸hiku sisestamine FirstName ja LastName

select FirstName + space(25) + LastName as FullName 
from Employees

-- PatIndex
-- Sama, mis charindex, aga d¸naamilisem ja saab kasutada wildcardi
select Email,PATINDEX('%@aaa.com', Email) as FirstOccurence
From Employees
Where PATINDEX('%@aaa.com', Email) > 0
-- leian kıik selle domeeni esindajad ja alates mitmendast
-- m‰rgist algab @

-- kıik .com emailid asendab .net-iga
select Email, REPLACE(Email, '.Com', '.net') as ConvertedEmail
From Employees

--soovin asendada peale esimest m‰rki kolm t‰hte viie t‰rniga
select FirstName, LastName, Email,
stuff(Email, 2, 3, '*****') as StuffedEmail
from Employees

-- Vot tak vot nye nada, nada vot tak tak tak

create table DateTime
(
c_time time,
c_date date,
c_smalldatetime smalldatetime,
c_datetime datetime,
c_datetime2 datetime2,
c_datetimeoffset datetimeoffset
)

select * from DateTime

--konkreetne masina kellaaeg
select getdate(), 'GETDATE()'

insert into DateTime
values(GETDATE(),GETDATE(),GETDATE(),GETDATE(),GETDATE(),GETDATE())

select * from DateTime

update DateTime set c_datetimeoffset = '2026-03-19 14:25:33.7166667 +10:00'
where c_datetimeoffset = '2026-03-19 14:25:33.7166667 +00:00'

select CURRENT_TIMESTAMP, 'CURRENT_TIMESTAMP' -- See on ajap‰ring
select SYSDATETIME(), 'SYSDATETIME' -- See on veel t‰psem p‰ring
select SYSDATETIMEOFFSET() 'SYSDATETIMEOFFSET' -- See on veel veel veel t‰psem
select GETUTCDATE(), 'GETUTCDATE' -- UTC aeg

-- Saab kontrollida, kas on ıige andemt¸¸p
select ISDATE('asd') --tagastab 0 kuna string ei ole date

--Kuidas saada vastuseks 1 isdate puhul?? :
select ISDATE(GETDATE()) --GETDATE - vıtab selle arvuti aja
select ISDATE('2026-03-19 14:25:33.7166667') --tagastab 0 kuna max kolm koma kohta vıib olla
select ISDATE('2026-03-19 14:25:33.716') -- tagastab nr '1'
select DAY(GETDATE()) --annab t‰nase p‰eva numbri
select DAY('01/24/2026') -- annab stringis oleva kuup‰eva, ja j‰rjestus peab olema ıige
select month(GETDATE()) -- annab jooksva kuu numbri
select month('01/24/2026') -- annab stringis oleva kp ja j‰rjestus peab olema ıige
select year(GETDATE()) -- annab jooksva aasta numbri
select year('01/24/2026') -- annab stringis oleva aasta ja j‰rjestus peab olema ıige

select DATENAME(DAY, '2026-03-19 14:25:33.716') -- annab stringis oleva p‰eva nr
select DATENAME(WEEKDAY, '2026-03-19 14:25:33.716') -- annab stringis oleva p‰eva sınana
select DATENAME(MONTH, '2026-03-19 14:25:33.716') -- annab stringis oleva kuu sınana

create table EmployeeWithDates
(
   Id nvarchar(2),
   Name varchar(20),
   DateOfBirth datetime
)

select * from EmployeeWithDates

insert into EmployeeWithDates (Id, Name, DateOfBirth)
values (1, 'Sam', '1980 12-30-00:00:00.000'),
(2, 'Pam', '1982-09-01 12:02:36.260'),
(3, 'John', '1985-08-22 12:03:30.370'),
(4, 'Sara', '1979-11-29 12:59:30.670')

-----------------------------
 -- Tund nr 9  24.03.2026 -- 
-----------------------------

-- Kuidas vıtta ¸hest veerust andemid ja selle abil luua uued veerud
-- vaatab DoB(DateOfBirth) veerust p‰eva ja kuvab p‰eva nimetuse sınana

select Name, DateOfBirth, DATENAME(WEEKDAY, DateOfBirth) as [day],
     -- vaatab VoB veerust kuup‰eva ja kuvab kuu nr
     MONTH(DateOfBirth) as MonthNumber,
	 -- vaatab DoB veerust kuud ja kuvab sınana
	 DATENAME(MONTH, DateOfBirth) as [MonthName],
	 -- vıtab DoB veerust aasta
	 YEAR(DateOfBirth) as [Year]
from EmployeeWithDates

-- kuvab 3 kuna USA n‰dal algab p¸hap‰evaga
select DATEPART(WEEKDAY, '2026-03-24 12:59:30.670')
-- tehke sama, aga arvutage kuu-d
select DATEPART(MONTH, '2026-03-24 12:59:30.670')
-- liidab stringis olevale kp 20 p‰eva juurde
select DATEADD(DAY, 20, '2026-03-24 12:59:30.670')
-- lahutab 20 p‰eva maha
select DATEADD(DAY, -20, '2026-03-24 12:59:30.670')
-- kuvab kahe stringis oleva kuudevahelist aega nr-na
select DATEdiff(MONTH, '11/20/2026', '01/20/2024')
-- tehke sama, aga kasutage aastat
select DATEdiff(year, '11/20/2026', '01/20/2028')

-- uuri mis on funktsioon MS SQL'is [1.]
-- miks seda vaja on [2.]
-- mis on selle eelised ja puudused
------------------------------------------
-- [1.] MS SQL funktsioon on andmebaasis salvestatud alamprogramm.

-- [2.] Pakkuda DB-s korduvkasutatud funktsionaalsust

-- [3.] Funktsiooni eelised: 
-- Kood on jagatud v‰iksemateks, hallatavateks osadeks;
-- Saab kasutada SELECT, WHERE, HAVING klauslites; 
-- Muutes funktsiooni sisu, uueneb loogika kıikjal.

-- [3.] Funktsiooni puudused: 
-- Funktsioonid ei saa muuta andmebaasi olekut;
-- Funktsioonides ei saa kasutada keerukat TRY...CATCH veatˆˆtlust;
-- Skalaar-funktsioonid vıivad suures andmemahus aeglustada p‰ringuid,
-- kuna neid k‰ivitatakse iga rea kohta eraldi.

create function fnComputeAge(@DOB datetime)
returns nvarchar(50)
as begin
    declare @tempdate datetime, @years int, @months int, @days int
	select @tempdate = @DOB

	select @years = DATEDIFF(YEAR, @tempdate, GETDATE()) - case when (month(@DOB)>
	MONTH(GETDATE())) or (MONTH(@DOB) = MONTH(GETDATE())and day(@DOB) > DAY(GETDATE()))
	then 1 else 0 end
	select @tempdate = DATEADD(YEAR, @years, @tempdate)

	select @months = DATEDIFF(MONTH, @tempdate, GETDATE()) - case when DAY(@DOB) > 
	DAY(getdate()) then 1 else 0 end
	select @tempdate = DATEADD(MONTH, @months, @tempdate)

	select @days = datediff(day, @tempdate, GETDATE())

	declare @Age nvarchar(50)
	    set @Age = CAST (@years as nvarchar(4)) + 'Years' + CAST(@months as nvarchar(2))
		+ 'Months' + CAST (@days as nvarchar(2)) + 'Days old'
    return @Age
end

select Id, Name, DateOfBirth, dbo.fnComputeAge(DateOfBirth) 
as Age from EmployeeWithDates