     
	    -- Tund nr 1 11.02.26 --
---------------------------------------

-- teeme andmebaas'i e. db(data Base)
create database IKT25TAR

-- KUS ON db?!?!??!?!?!?!
-- db oli 'Databases' all.(Folder'is)

--andmebaasi valimine
use IKT25TAR

-- andmebaasi kustutamine
drop database IKT25TAR

-- teeme uuesti andmebaasi IKT25TAR
create database IKT25TAR

-- teeme tabeli
create table Gender
(
-- Meil on muutuja Id,
-- Mis on tšisarv andmetŁŁp,
-- kui sisestad andmed,
-- siis see veerg peab olema tšidetud,
--btegemist on primaarvűtmega
id int not null primary key,
-- Veeru nimi on 'Gender',
-- 10 tšhemšrki on max pikkus,
-- andmed peavad olema siesestatud e.
-- ei tohi olla tŁhi
Gender nvarchar(10) not null
)

-- andmete sisestamine
-- proovige ise teha
-- Id 1, Gender = Male
-- Id 2, Gender = Female

insert into Gender (Id, Gender)
values (1, 'Male'),
(2, 'Female')

-- Vaatame tabeli sisu
-- '*' tšhendab, et nšita kűike seal sees olevat infot
select * from Gender

-- teeme uue tabeli nimega 'Person'
-- veeru nimed: Id int not null primary key,
-- Name: nvachar (30)
-- Email: nvachar (30)
-- GenderId int

create table Person
(
id int not null primary key,
Name nvarchar(30),
Email nvarchar(30),
GenderId int
)

-----------------------------
 -- tund nr 2 18.02.2026 --
-----------------------------

insert into Person (id, Name, Email, GenderId)
values (1, 'Superman', 's@s.com', 2),
(2, 'Wonerwoman', 'w@w.com', 1),
(3, 'Batman', 'b@b.com', 2),
(4, 'Aquaman', 'a@a.com', 2),
(5, 'CatWoman', 'c@c.com', 1),
(6, 'Antman', 'ant"ant.com', 2),
(8, NULL, NULL, 2)

-- nšen tabelis olevat infot
select * from Person

-- vűűrvűtme Łhenduse loomine kahe tabeli vahel
alter table person add constraint tblPerson_GenderId_FK
foreign key(GenderId) references Gender(Id)

-- kui sisestad uue rea andmeid ja ei ole sisestanud GenderId alla
-- vššrtust, siis automaatselt sisestab sellele reale vššrtuse 3
-- e. unknown
alter table person
add constraint DF_Person_GťnderId
default 3 for GenderId

insert into Gender(id, Gender)
values (3, 'Unknown')

insert into Person(id, Name, Email, GenderId)
values (7, 'Black Panter', 'b@b.com', NULL)

insert into Person(id, Name, Email)
values (9, 'Spiderman', 'spider@man.com')

select * from Person

-- piirangu kasutamine
alter table person
drop constraint DF_Persons_GeŮderId

-- kuidas lisada veergu tabelile Person
--veeru nimi on Age nvarchar(10)
alter table Person
add Age nvarchar(10)

alter table person
add constraint CK_Person_Age check (Age > 0 and Age < 155)

-- kuidas uuendada andmeid
update Person
set Age = 159
where id = 7

select * from Person

-- soovin kustutada Łhe rea
-- kuidas seda teha?

delete from Person where id = 8

-- lisame uue veeru City nvarchar(50)
alter table Person
add City nvarchar(50)

-- kűik, kes elavad Gothami linnas
select * from Person where City = 'Gotham'
-- kűik, kes ei ela Gothamis
select * from Person where City! = 'Gotham'
-- varjant nr 2. kűik, kes ei ela Gothamis
select * from Person where City <> 'Gotham'

-- Nšitab teatud vanusega inimesi
-- Valime 151, 35, 25

-- Vrs. 1
select * from Person where Age in (151, 35, 26)

-- Vrs. 2
select * from Person where Age = 151 or Age = 35 or Age = 26

-- Soovin nšha inimesi vahemikus 22 kuni 41

-- Vrs. 1
select * from Person where Age between 22 and 41

-- Vrs. 2
select * from Person where Age >= 22 and Age <= 41

-- wildcard e. nšitab kűik g-tšhega linnad
select * from Person where City like 'G%'
-- otsib emailidm @-mšrgiga
select * from Person where Email like '%@%'

-- '%' nšitab asukohta
-- tahan nšha, kellel on emailis ees ja peale @-mšrki Łks tšht
select * from Person where Email like '_@_.%'

-- kűik, kelle nimes ei ole esimene tšht W, A, S
select * from Person where Name like '[^WAS]%'

-- kűik, kes elavad Gothamis ja New Yorkis
-- vrs. 1
select * from Person where (City = 'Gotham' or City = 'New York')
-- vrs. 2
select * from Person where City in ('Gotham', 'New York')

-- kűik, kes elavad Gothamis ja New Yorkis ning peavad olema
-- vanemad, kui 29
-- vrs. 1
select * from Person where (City = 'Gotham' or City = 'New York') 
and Age >= 30
-- vrs. 2
select * from Person where (City = 'Gotham' or City = 'New York') 
and (Age > 29)

-- Kuvab tšhestikulises jšrjekorras inimesi ja vűtab aluseks
-- Name veeru
select * from Person
select * from Person order by Name

-- Vűtab kolm esimest rida Person tabelist
select top 3 * from Person

---------------------------
 -- tund nr 3 25.02.2026 --
---------------------------

--nšita esimesed 50% tabelist
select top 50 percent * from Person
select * from Person

--jšrjestab vanuse jšrgi isikud
select * from Person order by Age desc

--muudab Age muutuja int-ks ja nšitab vanuselises jšrjestuses
-- cast abil saab andmetŁŁpi muuta
select * from Person order by cast(Age as int) desc

-- kűikide isikute koondvanus e liidab kűik kokku
select sum(cast(Age as int)) from Person

--kűige noorem isik tuleb Łles leida
select min(cast(Age as int)) from Person

--kűige vanem isik
select max(cast(Age as int)) from Person

--muudame Age muutuja int peale
-- nšeme konkreetsetes linnades olevate isikute koondvanust
select City, sum(Age) as TotalAge from Person group by City

--kuidas saab koodiga muuta andmetŁŁpi ja selle pikkust
alter table Person 
alter column Name nvarchar(25)

-- kuvab esimeses reas všlja toodud jšrjestuses ja kuvab Age-i 
-- TotalAge-ks
--jšrjestab City-s olevate nimede jšrgi ja siis Genderid jšrgi
--kasutada group by-d ja order by-d
select City, GenderId, sum(Age) as TotalAge from Person
group by City, GenderId
order by City

--nšitab, et mitu rida andmeid on selles tabelis
select count(*) from Person

--nšitab tulemust, et mitu inimest on Genderid vššrtusega 2
--konkreetses linnas
--arvutab vanuse kokku selles linnas
select GenderId, City, sum(Age) as TotalAge, count(Id) as 
[Total Person(s)] from Person
where GenderId = '1'
group by GenderId, City

--nšitab šra inimeste koondvanuse, mis on Łle 41 a ja
--kui palju neid igas linnas elab
--eristab inimese soo šra
select GenderId, City, sum(Age) as TotalAge, count(Id) as 
[Total Person(s)] from Person
where GenderId = '2'
group by GenderId, City having sum(Age) > 41

--loome tabelid Employees ja Department
create table Department
(
Id int primary key,
DepartmentName nvarchar(50),
Location nvarchar(50),
DepartmentHead nvarchar(50)
)

create table Employees
(
Id int primary key,
Name nvarchar(50),
Gender nvarchar(50),
Salary nvarchar(50),
DepartmentId int
)

insert into Employees (Id, Name, Gender, Salary, DepartmentId)
values (1, 'Tom', 'Male', 4000, 1),
(2, 'Pam', 'Female', 3000, 3),
(3, 'John', 'Male', 3500, 1),
(4, 'Sam', 'Male', 4500, 2),
(5, 'Todd', 'Male', 2800, 2),
(6, 'Ben', 'Male', 7000, 1),
(7, 'Sara', 'Female', 4800, 3),
(8, 'Valarie', 'Female', 5500, 1),
(9, 'James', 'Male', 6500, NULL),
(10, 'Russell', 'Male', 8800, NULL)

insert into Department(Id, DepartmentName, Location, DepartmentHead)
values 
(1, 'IT', 'London', 'Rick'),
(2, 'Payroll', 'Delhi', 'Ron'),
(3, 'HR', 'New York', 'Christie'),
(4, 'Other Department', 'Sydney', 'Cindrella')

select * from Department
select * from Employees

---
select Name, Gender, Salary, DepartmentName
from Employees
left join Department
on Employees.DepartmentId = Department.Id
---

--arvutab k]ikide palgad kokku Employees tabelist
select sum(cast(Salary as int)) from Employees --arvutab kűikide palgad kokku
-- kűige všiksema palga saaja
select min(cast(Salary as int)) from Employees

--nšitab veerge Location ja Palka. Palga veerg kuvatakse TotalSalary-ks
--teha left join Department tabeliga
--grupitab Locationiga
select Location, sum(cast(Salary as int)) as TotalSalary
from Employees
left join Department
on Employees.DepartmentId = Department.Id
group by Location

-----------------------------
 -- Tund nr 4  03.03.2026 --
-----------------------------

select * from Employees
select SUM(CAST(salary as int)) from Employees --arvutab kűikide palgad kokku

--lisame veeru City ja pikkus on 30
--employees tsbelisse lisada
alter table Employees
add city nvarchar(30)

select City, Gender, SUM(cast(salary as int)) as TotalSalary
from Employees
group by City, Gender

--peaaegu sama pšring, aga linnad on tšhestikulises jšrjestuses'
select City, Gender, SUM(cast(salary as int)) as TotalSalary
from Employees
group by City, Gender
order by City

select * from Employees
-- on vaja teada, et mitu inimest on nimekirjas selles tabelis
select count(*) from Employees

--mitu tŲŲtajat on soo ja linna kaupa tŲŲtamas
select City, Gender, SUM(cast(salary as int)) as TotalSalary,
count (id) as [Total Employee(s)]
from Employees
group by Gender, City

--kasutage kas naised vűi mehed kaupa
--kasutage where

select City, Gender, SUM(cast(salary as int)) as TotalSalary,
count (id) as [Total Employee(s)]
from Employees
where Gender = 'Female'
group by Gender, City

-- sama tulemuseda nagu eelmine kord, kasutage: having
select City, Gender, SUM(cast(salary as int)) as TotalSalary,
count (id) as [Total Employee(s)]
from Employees
group by Gender, City
having Gender = 'Female'

-- kűik, kes teenivad rohkem, kui 4000
select * from Employees where sum(cast(salary as int)) > 4000

--teeme varjandi, kus saame tulemuse
select Gender,City, SUM(cast(salary as int)) as TotalSalary,
count (id) as [Total Employee(s)]
from Employees
group by Gender, City
having SUM(cast(salary as int)) > 4000

--loome tabeli, milles hakatakse automaatselt nummerdama Id-d
create table Test1
(
Id int identity(1,1),
value nvarchar(20)
)
insert into Test1 values('x')
select * from Test1

-----------------------------
 -- Tund nr 5  04.03.2026 --
-----------------------------

-- kustutame veeru nimega 'City' Employee tabelist

alter table Employees
drop column City

-- inner join
-- kuvab neid kellel on departmenName all, olemas vššrtus
-- mitte kattuvad read eemaldatakse tulemusest
-- ja sellepšrast ei nšidata Jamesi ja Russelit tabelis
-- kuna neil on DepartmentId NULL
select Name, Gender, Salary, DepartmentName
from Employees
inner join Department
on Employees.DepartmentId = Department.id

-- left join 
select Name, Gender, Salary, DepartmentName
from Employees
left join Department -- vűib kasutada ka LEFT OUTER JOIN'i
on Employees.DepartmentId = Department.Id
--urige, mis on left join:
-- Left join on vahend mis Łhendab kaks tabelit nii,
-- et tulemuses sšilivad kűik read vasakpoolsest tabelist
-- e. 'Employees' tabelist,
-- olemata sellest, kas neile leiti parempoolsest tabelist
-- e. Department tabelist vastavus vűi mitte.

-- LŁhem seletus:
-- nšitab andmeid, kus vasakpoolsest tabelist isegi, siis kui
-- seal puudub vűűrvűtme reas vššrus

-- right join
select Name, Gender, Salary, DepartmentName
from Employees
right join Department -- vűib kasutada ka RIGHT OUTER JOIN'i
on Employees.DepartmentId = Department.id
-- Right join nšitab paremas(DEPARTMENT) tabelis olevaid vššrtuseid,
-- mis ei Łhti vasaku(EMPLOYEES) tabeliga.

-- outer join
select Name, Gender, Salary, DepartmentName
from Employees
full outer join Department
on Employees.DepartmentId = Department.id
-- műlema tabeli read kuvab

-- teha cross join:
select Name, Gender, Salary, DepartmentName
from Employees
cross join Department
--korrutab kűik omavahel lšbi

-- teha left join, kus Employees tabelist DepartmentId on null:
select Name, Gender, Salary, DepartmentName
from Employees
left join Department
on Employees.DepartmentId = Department.Id
where Employees.DepartmentId is null

-- teine variant ja sama tulemus
select Name, Gender, Salary, DepartmentName
from Employees
left join Department
on Employees.DepartmentId = Department.Id
where Department.id is null

-- nšitab aniult neid, kellel on vasakus tabelis (Employees)
-- DepartmentId null
select Name, Gender, Salary, DepartmentName
from Employees
right join Department
on Employees.DepartmentId = Department.Id
where Employees.DepartmentId is null
-- nšitab ainult paremas tabelis olevat rida,
-- mis ei kattu Employees'ga.

-- full Join
-- műlema tabeli mitte-kattuvate vššrtustega read kuvab všlja
select Name, Gender, Salary, DepartmentName
from Employees
full join Department
on Employees.DepartmentId = Department.Id
where employees.DepartmentId is null
or Department.id is null

--teete AdventureWorksLT2019 andmebaasile join pšringuid:
-- inner-,Left-, Right-, cross- ja full join
-- tabeleid sellesse andmebaasi juurde ei tohi teha AdventureWorksLT2019

 --’petaja kood--
------------------
--      vvv     --
--inner Join
-- műnikurd peab muutuja ette kirjutama tabeli nimetuse
-- nagu on product.Name, et editor saaks aru, et kumma 
-- tabeli muutujat soovitakse kasutada ja ei tekiks segadust

select Product.name as [Product Name], ProductNumber, ListPrice
, ProductModel.Name as [Product Model Name], Product.ProductModelID,
ProductModel.ProductModelID
-- műnikord peab ka tabeli ette kirjutama 
-- tšpsustama infio nagu SalesLT.Product
from SalesLT.Product 
inner join SalesLT.ProductModel
-- antud juhul Producti tabelis ProductModelId vűűrvűti,
-- mis ProductModeli tabelis on primaarvűti
on Product.ProductModelId = ProductModel.ProductModelId

  --Minu kood--
------------------
--     vvv
-- inner join
select p.Name AS ProductName, pc.Name AS CategoryName
from SalesLT.Product p
inner join SalesLT.ProductCategory pc
on p.ProductCategoryID = pc.ProductCategoryID

-- left join
select p.Name as ProductName, pc.Name as CategoryName
from SalesLT.Product p
left join SalesLT.ProductCategory pc
on p.ProductCategoryID = pc.ProductCategoryID

-- right join
select p.Name as ProductName, pc.Name as CategoryName
from SalesLT.Product p
right join SalesLT.Prod+uctCategory pc
on p.ProductCategoryID = pc.ProductCategoryID

-- full join
select p.Name as ProductName, pc.Name as CategoryName
from SalesLT.Product p
full join SalesLT.ProductCategory pc
on p.ProductCategoryID = pc.ProductCategoryID

-- cross join
select p.Name as ProductName, pc.Name as CategoryName
from SalesLT.Product p
cross join SalesLT.ProductCategory pc

-----------------------------
 -- Tund nr 6  12.03.2026 --
-----------------------------

--isnull funktsiooni kasutamine
select Isnull('Ingvar','No Manager') as Manager

-- NULL asemel kuvab No Manager
select coalesce(NULL, 'No Manager') as Manager

alter table Employees
add ManagerId int

-- neile, kellel ei ole Łlemust, siis paneb neile 'No Manager' teksti
-- Kasutage left join

select E.Name as Employee, isnull(M.Name, 'No Manager') as Manager
from Employees E
left join Employees M
on E.ManagerId = M.Id

-- kasutame inner joini
--kuvab ainult ManagerId all olevate isikute vššrtuseid
select E.Name as Employee, isnull(M.Name, 'No Manager') as Manager
from Employees E
inner join Employees M
on E.ManagerId = M.Id

-- kűik saavad kűikide Łlemused olla
select E.Name as Employee, M.Name as Manager
from Employees E
cross join Employees M

--lisame tabelisse uued veerud
alter table Employees
add MiddleName nvarchar(30)

alter table Employees
add LastName nvarchar(30)

--muudame olemasoleva veeru nimetust
sp_rename 'Employees.Name','FirstName'

-- Lisame Employees tabelisse MiddleName ning LastName
UPDATE Employees 
SET FirstName = 'Tom', MiddleName = 'Nick', LastName = 'Jones'
WHERE Id = 1;

UPDATE Employees 
SET FirstName = 'Pam', MiddleName = NULL, LastName = 'Anderson'
WHERE Id = 2;

UPDATE Employees 
SET FirstName = 'John', MiddleName = NULL, LastName = NULL
WHERE Id = 3;

UPDATE Employees 
SET FirstName = 'Sam', MiddleName = NULL, LastName = 'Smith'
WHERE Id = 4;

UPDATE Employees 
SET FirstName = NULL, MiddleName = 'Todd', LastName = 'Someone'
WHERE Id = 5;

UPDATE Employees 
SET FirstName = 'Ben', MiddleName = 'Ten', LastName = 'Sven'
WHERE Id = 6;

UPDATE Employees 
SET FirstName = 'Sara', MiddleName = NULL, LastName = 'Connor'
WHERE Id = 7;

UPDATE Employees 
SET FirstName = 'Valarine', MiddleName = 'Balerine', LastName = NULL
WHERE Id = 8;

UPDATE Employees 
SET FirstName = 'James', MiddleName = '007', LastName = 'Bond'
WHERE Id = 9;

UPDATE Employees 
SET FirstName = NULL, MiddleName = NULL, LastName = 'Crowe'
WHERE Id = 10;

-- igast reast vűtab esimesena tšidetud lahtri ja kuvab ainult seda
--
select * from Employees
select Id, coalesce(FirstName, MiddleName, LastName) AS Name
from Employees

--loome kaks tabelit
create table IndianCustomers
(
Id int identity(1,1),
Name nvarchar(25),
Email nvarchar(25)
)

create table UKCustomers
(
Id int identity(1,1),
Name nvarchar(25),
Email nvarchar(25)
)

-- sisestame tabelisse andmeid
insert into IndianCustomers (Name, Email)
values ('Raj', 'R@R.com'),
('Sam','S@S.com')

insert into UKCustomers (Name, Email)
values ('Ben', 'B@B.com'),
('Sam','S@S.com')

select * from IndianCustomers
select * from UKCustomers

-- kasutame union all, mis nšitab kűiki ridu
-- union all Łhendab tabeleid ja nšitab sisu
select Id, Name, Email from IndianCustomers
union all
select Id, Name, Email from UKCustomers

-- korduvate vššrtustega read pannakse Łhte ja ei korrata
select Id, Name, Email from IndianCustomers
union
select Id, Name, Email from UKCustomers

-- kasutad union all, aga sorteerid nime jšrgi
select Id, Name, Email from IndianCustomers
union all
select Id, Name, Email from UKCustomers
order by Name

-- stored procedure
-- tavaliselt pannakse nimetuse ette 'sp', mis tšhendab stored procetures
create procedure spGetEmployees
as begin
    select FirstName, Gender from Employees
end

--nŁŁd saab kasutada selle nimelist sp-d
spGetEmployees
exec spGetEmployees
execute spGetEmployees

create proc spGetEmployeesByGenderAndDepatment
--'@' tšhendab muutujat
@Gender nvarchar(20),
@DepartmentId int
as begin
    select FirstName, Gender, DepartmentId from Employees where Gender = @Gender
	and DepartmentId = @DepartmentId
end

--kui nŁŁd allolevate kšsklust kšima panna, siis nűuab gender parameetrit
spGetEmployeesByGenderAndDepatment

--űige varjant
spGetEmployeesByGenderAndDepatment 'Male', 1

--niimoodi saab sp kirja pandud jšrjekorrast
spGetEmployeesByGenderAndDepatment @DepartmentId = 1, @Gender ='Male'

---saab vaadata sp sisu result vates
sp_helptext spGetEmployeesByGenderAndDepatment

--kuidas muuta sp-d ja panna sinna vűti peale, et
--keegi peale teie ei saaks muuta kuskile tuleb lisada with encryption
alter proc spGetEmployeesByGenderAndDepatment
@Gender nvarchar(20),
@DepartmentId int
with encryption
as begin
    select FirstName, Gender, DepartmentId from Employees where Gender = @Gender
	and DepartmentId = @DepartmentId
end

create proc spGetEmployeeCountByGender
@Gender nvarchar(20),
@EmployeeCount int output
as begin
     select @EmployeeCount = COUNT(Id) from Employees where Gender = @Gender
end

-- annab tulemuse, kus loendab šra nűuetele vastavad read
-- prindib ka tulemuse kirja teel
-- tuleb teha declare muutuja @TotalCount, mis on int
declare @TotalCount int
-- execute spGetEmployeeCountByGender sp, kus on parameetrid Male ja TotalCount
execute spGetEmployeeCountByGender 'Male', @TotalCount out 
-- if ja else, kui TotalCount = 0, siis tuleb tekst TotalCount is null
if (@TotalCount = 0)
    print '@TotalCount is null'
else 
    print '@TotalCount is null'
print @TotalCount
--Lűpus kasuta printi @TotalCounti puhul

-----------------------------
 -- Tund nr 7  17.03.2026 -- 
-----------------------------

--Nšitab šra, mitu rida vastab nűuetele

--deklareerime muutuja @TotalCount, mis on int admetŁŁp
declare @TotalCount int
--kšivitame stored procedure spGetEmployeeCountByGender,
--kus on parameetrid
--@EmployeeCount = @TotalCount out ja @Gender
execute spGetEmployeeCountByGender @EmployeeCount = @TotalCount out,
@Gender = 'Female'
--prindib konsooli všlja, kui TotalCount on null vűi mitte null
print @TotalCount

--sp sisu vaatamine
sp_help spGetEmployeeCountByGender
--tabeli info vaatamine
sp_help Employees
--kui soovid sp teksti nšha
sp_helptext spGetEmployeeCountByGender

--vaatame, millest sűltub meie valitud sp
sp_depends spGetEmployeeCountByGender
--nšitab, et sp sűltub Empolyees tabelist, kuna seal on count(id)
--ja Id on Employees tabelis

--vaatame tabelist
sp_depends Employees

--teeme sp, mis annab andmeid Id ja Name veergude kohta Employees tabelist
create proc spGetNameById
@Id int,
@Name nvarchar(20) output
as begin
   select @Id = Id, @Name = FirstName from Employees
end

--annab kogu tabeli ridade arvu
create proc spTotalCount2
@TotalCount int output
as begin
   select @TotalCount = COUNT(Id) from Employees
end

--on vaja teha uus pšring, kus kasutame spTotalCount2 sp-d,
--et saada tabeli arv
--tuleb deklarerida muutuja @TotalCount, mis on int andmetŁŁp
--tuleb execute spTotalCount2, kus on parameeter @TotalCount = @TotalCount out
declare @TotalEmployees int
exec spTotalCount2 @TotalEmployees output
select @TotalEmployees

--mis Id all on keegi nime jšrgi
create proc spGetNameById1
@Id int,
@Name nvarchar(20) output
as begin
   select @Name = FirstName from Employees where Id = @Id
end

--annab tulemuse. kus id 1(seda numbrit saab muuta) real on keegi
--koos nimega
--print'i tuleb kasutada, et nšidata tulemust
declare @FirstName nvarchar(20)
execute spGetNameById1 3, @FirstName output
print 'Name of the employee = ' + @FirstName

--tehke sama, mis eelmine, aga kasutage spGetNameById sp-d
--FirstName lűpus on outdeclare

declare @FirstName nvarchar(20)
execute spGetNameById1 3, @FirstName out
print 'Name = ' + @FirstName

--output tagastab muudetud read kohe pšringu tulemusena
--see on salvestatut protsetuuris ja Łhe vššrtuse tagastamine
--out ei anna mitte midagi